n,seconds
1,0.0000087
2,0.0000049
3,0.000005
4,0.0000063
5,0.0000074
6,0.0000091
7,0.0000108
8,0.0000132
9,0.0000152
10,0.0000174
11,0.0000199
12,0.0000219
13,0.0000244
14,0.0000266
15,0.0000291
16,0.0000321
17,0.0000354
18,0.0000385
19,0.0000417
20,0.0000448
21,0.0000493
22,0.0000526
23,0.0000558
24,0.0000598
25,0.000064
26,0.0000686
27,0.0000739
28,0.0000775
29,0.0000831
30,0.0000877
31,0.0000921
32,0.0000976
33,0.0001021
34,0.0001081
35,0.0001127
36,0.0001396
37,0.0001567
38,0.0001346
39,0.0001369
40,0.0001424
41,0.0001494
42,0.0001547
43,0.0001607
44,0.0001682
45,0.0001739
46,0.0001828
47,0.0001907
48,0.0001954
49,0.0002016
50,0.0002084
51,0.0002165
52,0.0002239
53,0.0002327
54,0.0002416
55,0.0002506
56,0.0002597
57,0.0002684
58,0.0002763
59,0.0002852
60,0.0002943
61,0.0003024
62,0.0003106
63,0.0003205
64,0.0003315
65,0.000341
66,0.0003509
67,0.0003633
68,0.0003709
69,0.0004245
70,0.0004087
71,0.0004023
72,0.0004135
73,0.0004274
74,0.000436
75,0.0004482
76,0.0004611
77,0.0004715
78,0.0004845
79,0.0004972
80,0.0005101
81,0.0005289
82,0.0005389
83,0.0005456
84,0.0005599
85,0.0005709
86,0.0005829
87,0.0005947
88,0.0006088
89,0.0006212
90,0.0006572
91,0.0006515
92,0.0006616
93,0.0006875
94,0.0006901
95,0.0007075
96,0.0007213
97,0.0007345
98,0.0007498
99,0.0007659
100,0.0007812
101,0.0007942
102,0.0008124
103,0.0008269
104,0.0008391
105,0.0008664
106,0.0008963
107,0.0008855
108,0.0009029
109,0.0009157
110,0.0009325
111,0.000949
112,0.0009665
113,0.0009849
114,0.001001
115,0.0010183
116,0.0010386
117,0.0010534
118,0.0010682
119,0.0011087
120,0.0011042
121,0.0011222
122,0.001141
123,0.0011595
124,0.0011762
125,0.0011952
126,0.0012109
127,0.0012288
128,0.0012477
129,0.0012883
130,0.0013643
131,0.0013337
132,0.0013259
133,0.0013442
134,0.0013604
135,0.0013819
136,0.0013971
137,0.0014155
138,0.0014374
139,0.0014821
140,0.0014756
141,0.0014938
142,0.0015154
143,0.0015352
144,0.0015808
145,0.0023427
146,0.0056993
147,0.0056948
148,0.0057771
149,0.0058583
150,0.0036803
151,0.0034917
152,0.0034834
153,0.0035197
154,0.0035548
155,0.0036565
156,0.0036443
157,0.0028418
158,0.002171
159,0.0021976
160,0.0022441
161,0.0022501
162,0.0022753
163,0.0022973
164,0.0023309
165,0.0023638
166,0.0024561
167,0.0024195
168,0.0024275
169,0.0021177
170,0.0021444
171,0.0021733
172,0.0022506
173,0.0022101
174,0.0022388
175,0.0022584
176,0.0023225
177,0.0023122
178,0.0023647
179,0.0023632
180,0.0024018
181,0.0024554
182,0.0024424
183,0.0024673
184,0.0024945
185,0.0025115
186,0.0025373
187,0.0025616
188,0.0025886
189,0.0026503
190,0.0026412
191,0.0026763
192,0.0026942
193,0.0027214
194,0.0027619
195,0.0027845
196,0.0028076
197,0.0028339
198,0.0028609
199,0.0028861
200,0.002943
201,0.0029443
202,0.0029742
203,0.0030102
204,0.0034583
205,0.0030822
206,0.0031667
207,0.0031287
208,0.0032127
209,0.0032434
210,0.0032698
211,0.0032487
212,0.0032853
213,0.0033443
214,0.0033379
215,0.0033672
216,0.0033922
217,0.0034513
218,0.0034544
219,0.0034799
220,0.0035675
221,0.0035647
222,0.0036383
223,0.0036068
224,0.0036972
225,0.00371
226,0.0037013
227,0.0037306
228,0.0037622
229,0.0038152
230,0.0038273
231,0.0038553
232,0.0038924
233,0.0039537
234,0.0040218
235,0.003994
236,0.0040474
237,0.0040524
238,0.0040903
239,0.004126
240,0.0042375
241,0.0041868
242,0.0042179
243,0.0043192
244,0.0042935
245,0.0043239
246,0.0043771
247,0.0045149
248,0.0044949
249,0.0044584
250,0.0044998
251,0.0045199
252,0.0045606
253,0.0047245
254,0.004612
255,0.0046442
256,0.0047282
257,0.0047199
258,0.0047666
259,0.0048372
260,0.0048272
261,0.004866
262,0.0049142
263,0.0049414
264,0.0095704
265,0.0176964
266,0.0118285
267,0.0102128
268,0.0104029
269,0.0060425
270,0.0065096
271,0.0061252
272,0.0061932
273,0.0058177
274,0.0053631
275,0.0055169
276,0.005445
277,0.0054812
278,0.0055448
279,0.0055551
280,0.0056333
281,0.0056502
282,0.0056671
283,0.0057497
284,0.0057745
285,0.0058091
286,0.0058244
287,0.0059017
288,0.0059601
289,0.0059935
290,0.0061167
291,0.0060397
292,0.0061011
293,0.0061899
294,0.0061717
295,0.0062598
296,0.0062555
297,0.0063151
298,0.0063266
299,0.006358
300,0.0064286
301,0.006557
302,0.006567
303,0.0065407
304,0.0066153
305,0.0066271
306,0.0066698
307,0.0067604
308,0.0067456
309,0.0068055
310,0.0068534
311,0.0069003
312,0.0069225
313,0.0069825
314,0.0071381
315,0.0070796
316,0.0071056
317,0.0072646
318,0.0072056
319,0.0073099
320,0.0073535
321,0.0074198
322,0.0073868
323,0.0074097
324,0.0074421
325,0.0076959
326,0.0075361
327,0.0076354
328,0.0076143
329,0.0076852
330,0.0077906
331,0.0078477
332,0.0079291
333,0.0079003
334,0.0079154
335,0.0079947
336,0.0079967
337,0.0080676
338,0.0081021
339,0.0081536
340,0.0081816
341,0.0083579
342,0.00828
343,0.0085364
344,0.0084119
345,0.0084428
346,0.0085124
347,0.0085449
348,0.008627
349,0.0086422
350,0.008762
351,0.0087436
352,0.0087809
353,0.0088067
354,0.0089013
355,0.0088873
356,0.0089649
357,0.0090234
358,0.0090511
359,0.0090755
360,0.0108539
361,0.012299
362,0.0092442
363,0.0093242
364,0.0095005
365,0.0093886
366,0.0095417
367,0.0094952
368,0.0095616
369,0.0096394
370,0.0096518
371,0.0097567
372,0.009779
373,0.0098105
374,0.0099653
375,0.0100297
376,0.0100141
377,0.010089
378,0.0101286
379,0.0101625
380,0.0102536
381,0.0103227
382,0.0103091
383,0.0103607
384,0.0104375
385,0.0104725
386,0.0107327
387,0.0106152
388,0.0106438
389,0.010791
390,0.0107624
391,0.0110683
392,0.0108856
393,0.010942
394,0.011003
395,0.011071
396,0.0111307
397,0.0112636
398,0.0112171
399,0.0112518
400,0.0113377
401,0.0113933
402,0.0115478
403,0.0115101
404,0.0115301
405,0.0116339
406,0.0116843
407,0.0117322
408,0.0117521
409,0.0118261
410,0.011916
411,0.0119778
412,0.0120364
413,0.0121058
414,0.012198
415,0.0121942
416,0.012289
417,0.0123684
418,0.0127947
419,0.0127267
420,0.0125077
421,0.0124618
422,0.0125953
423,0.0128748
424,0.0127649
425,0.0127494
426,0.0127738
427,0.0129489
428,0.0128982
429,0.0132115
430,0.013011
431,0.0130903
432,0.013353
433,0.0132092
434,0.013237
435,0.013333
436,0.0133328
437,0.0134168
438,0.0135567
439,0.0135727
440,0.0137328
441,0.0137229
442,0.0388112
443,0.0280671
444,0.0263623
445,0.0165506
446,0.015431
447,0.0142102
448,0.0141422
449,0.0141901
450,0.0142653
451,0.0143239
452,0.0143832
453,0.0144515
454,0.0147626
455,0.0145954
456,0.0146526
457,0.0147114
458,0.0147932
459,0.0148124
460,0.0149005
461,0.0149442
462,0.0153305
463,0.0150544
464,0.0151391
465,0.0151792
466,0.0152548
467,0.0153166
468,0.0153766
469,0.015457
470,0.0155275
471,0.0159443
472,0.0158973
473,0.016055
474,0.0158591
475,0.0158429
476,0.0158994
477,0.0159504
478,0.0160053
479,0.016185
480,0.0163901
481,0.0162355
482,0.0163592
483,0.0163992
484,0.0164086
485,0.016504
486,0.0165265
487,0.0165964
488,0.0166943
489,0.0167463
490,0.0169711
491,0.0168681
492,0.0169262
493,0.0169978
494,0.0172884
495,0.0171575
496,0.0172005
497,0.0172813
498,0.0173466
499,0.0174096
500,0.0174876
501,0.0175424
502,0.0176196
503,0.0177951
504,0.0177609
505,0.0178204
506,0.0178765
507,0.0179434
508,0.018013
509,0.0183678
510,0.0181631
511,0.0182231
512,0.0185048
513,0.0183856
514,0.0184409
515,0.0189897
516,0.0186058
517,0.0186434
518,0.0187686
519,0.0188328
520,0.0188724
521,0.0189425
522,0.0193133
523,0.019104
524,0.0192488
525,0.0192352
526,0.0193183
527,0.0197217
528,0.0194744
529,0.0196031
530,0.0196896
531,0.019788
532,0.0197783
533,0.0198485
534,0.0199712
535,0.020013
536,0.0202578
537,0.0201536
538,0.0206418
539,0.020717
540,0.021013
541,0.0211484
542,0.0212162
543,0.0216212
544,0.0212414
545,0.0238692
546,0.0229102
547,0.0238527
548,0.0234293
549,0.021809
550,0.0217318
551,0.0213604
552,0.0242751
553,0.0215051
554,0.0215111
555,0.0219471
556,0.0220183
557,0.0220834
558,0.0222822
559,0.0219115
560,0.0222286
561,0.0224285
562,0.0224219
563,0.0229267
564,0.0222618
565,0.0224258
566,0.0230244
567,0.0225592
568,0.0225801
569,0.0229752
570,0.0228729
571,0.0227597
572,0.0228649
573,0.0229678
574,0.0234583
575,0.0234893
576,0.0235644
577,0.02326
578,0.0238177
579,0.0234547
580,0.0234824
581,0.0237173
582,0.0236769
583,0.0240637
584,0.0243124
585,0.0243456
586,0.0240228
587,0.0245161
588,0.0245768
589,0.0246093
590,0.0246726
591,0.024779
592,0.0707276
593,0.0386224
594,0.0267354
595,0.0247809
596,0.0248418
597,0.0253438
598,0.0250347
599,0.0251204
600,0.0251924
601,0.0255359
602,0.0254225
603,0.0257248
604,0.0257052
605,0.0256358
606,0.0256992
607,0.0258121
608,0.0258486
609,0.0260585
610,0.0260809
611,0.0261406
612,0.0265476
613,0.0263414
614,0.0263479
615,0.026422
616,0.0265089
617,0.0266535
618,0.0269666
619,0.0268756
620,0.0272647
621,0.0270218
622,0.0270533
623,0.0271621
624,0.0277107
625,0.027386
626,0.0278648
627,0.0275033
628,0.0277713
629,0.027722
630,0.0279372
631,0.0280863
632,0.0284698
633,0.0284292
634,0.0283906
635,0.0285245
636,0.0287926
637,0.0283899
638,0.0284918
639,0.028639
640,0.0286687
641,0.0288505
642,0.0288632
643,0.0291735
644,0.0290485
645,0.0293362
646,0.0292098
647,0.0293358
648,0.0294233
649,0.0299959
650,0.0300863
651,0.0301419
652,0.0297738
653,0.0298684
654,0.0299304
655,0.0302377
656,0.0301469
657,0.0307406
658,0.0305126
659,0.0309654
660,0.0306797
661,0.0309196
662,0.0309629
663,0.0313139
664,0.0313572
665,0.0309782
666,0.0315034
667,0.0316475
668,0.0312108
669,0.0313085
670,0.0314675
671,0.0321197
672,0.0315808
673,0.0323453
674,0.0317426
675,0.0318451
676,0.0323656
677,0.0320014
678,0.0323707
679,0.0321958
680,0.0323096
681,0.0323658
682,0.0325582
683,0.0326176
684,0.0328715
685,0.0333275
686,0.0347785
687,0.0330348
688,0.0330858
689,0.0331991
690,0.0333324
691,0.0337199
692,0.0335645
693,0.033803
694,0.0592722
695,0.0462089
696,0.034166
697,0.0339621
698,0.0340831
699,0.0345421
700,0.0342721
701,0.0343839
702,0.0352111
703,0.0346995
704,0.0346883
705,0.03479
706,0.0350394
707,0.0348833
708,0.0351166
709,0.0359349
710,0.0352326
711,0.0353164
712,0.0360192
713,0.0360748
714,0.0359851
715,0.0356855
716,0.0360752
717,0.0359546
718,0.0361083
719,0.0361039
720,0.0365856
721,0.0365415
722,0.0370422
723,0.0369752
724,0.0369694
725,0.036731
726,0.0367998
727,0.0374103
728,0.0374212
729,0.0376674
730,0.0378987
731,0.0373296
732,0.0374336
733,0.037755
734,0.0377006
735,0.0381664
736,0.0378604
737,0.0386866
738,0.0386789
739,0.0388057
740,0.0384142
741,0.038402
742,0.0389642
743,0.0387972
744,0.0388988
745,0.0391874
746,0.0391138
747,0.0396885
748,0.0753767
749,0.0651545
750,0.040232
751,0.0400843
752,0.0400827
753,0.0405057
754,0.0406208
755,0.0403593
756,0.0406042
757,0.0404174
758,0.0402888
759,0.0406721
760,0.0407327
761,0.0404551
762,0.0408038
763,0.0408272
764,0.0409541
765,0.0409117
766,0.0411322
767,0.041519
768,0.0413118
769,0.0415049
770,0.0415993
771,0.0422523
772,0.0423233
773,0.0424684
774,0.0423915
775,0.0422426
776,0.0421767
777,0.0426504
778,0.0427542
779,0.0430981
780,0.0433715
781,0.0433168
782,0.042981
783,0.0439127
784,0.0437255
785,0.0437628
786,0.0438988
787,0.0438147
788,0.0436503
789,0.0435195
790,0.0438692
791,0.0437595
792,0.0446054
793,0.0440504
794,0.0444167
795,0.0447814
796,0.0449629
797,0.0450065
798,0.0448534
799,0.0458064
800,0.0451317
801,0.0454391
802,0.045453
803,0.0458141
804,0.0459205
805,0.0458007
806,0.045804
807,0.0460133
808,0.045977
809,0.0462123
810,0.0460135
811,0.0464975
812,0.0466455
813,0.0464814
814,0.0471245
815,0.0466043
816,0.0469261
817,0.0467726
818,0.0470854
819,0.0473785
820,0.047181
821,0.0479142
822,0.0473448
823,0.0476945
824,0.0480111
825,0.0477731
826,0.0480988
827,0.0479033
828,0.0482019
829,0.0485673
830,0.0488453
831,0.0486235
832,0.0491305
833,0.0486732
834,0.0490263
835,0.0496439
836,0.0490954
837,0.0496209
838,0.0496993
839,0.0495902
840,0.0499597
841,0.0503579
842,0.0507297
843,0.050661
844,0.0506896
845,0.0551708
846,0.050926
847,0.0514572
848,0.0512584
849,0.0512454
850,0.0513067
851,0.0514285
852,0.0518436
853,0.0517385
854,0.0518339
855,0.0989248
856,0.0520325
857,0.0516993
858,0.0521035
859,0.0516888
860,0.0524613
861,0.0519049
862,0.0865738
863,0.1119211
864,0.0552349
865,0.053021
866,0.0530516
867,0.0533359
868,0.0533693
869,0.0533378
870,0.0534744
871,0.0537106
872,0.0539379
873,0.0539515
874,0.0534425
875,0.0536641
876,0.0544039
877,0.0539746
878,0.0550361
879,0.0542001
880,0.0546346
881,0.0544852
882,0.0546523
883,0.0550256
884,0.0552996
885,0.0674338
886,0.0753004
887,0.0563801
888,0.0558644
889,0.0553585
890,0.055492
891,0.0556882
892,0.0557928
893,0.0559625
894,0.0566768
895,0.0562224
896,0.0579094
897,0.0585064
898,0.0615542
899,0.0613836
900,0.0626935
901,0.0610324
902,0.0667853
903,0.0581461
904,0.0639859
905,0.0577888
906,0.061762
907,0.0576441
908,0.0578693
909,0.0617279
910,0.0624271
911,0.0599968
912,0.0582622
913,0.0589414
914,0.0593095
915,0.0594169
916,0.0594704
917,0.0602125
918,0.0597471
919,0.0611104
920,0.0648835
921,0.0649241
922,0.061896
923,0.0619194
924,0.0608723
925,0.0596378
926,0.0595332
927,0.0609321
928,0.0602614
929,0.060264
930,0.0607704
931,0.0606269
932,0.060429
933,0.06155
934,0.0621118
935,0.0726881
936,0.074254
937,0.0671766
938,0.0630043
939,0.0616732
940,0.0634851
941,0.0617463
942,0.0628543
943,0.1233906
944,0.0630658
945,0.0623565
946,0.0626767
947,0.0645418
948,0.0639178
949,0.0632186
950,0.0632202
951,0.0633731
952,0.0630355
953,0.0637075
954,0.0633549
955,0.0633567
956,0.0635423
957,0.0670276
958,0.0647228
959,0.0651528
960,0.0640078
961,0.0645367
962,0.0655977
963,0.0665127
964,0.0646354
965,0.0647846
966,0.0665744
967,0.0666553
968,0.065659
969,0.0653248
970,0.0654439
971,0.0805947
972,0.0756706
973,0.0663547
974,0.066612
975,0.0667765
976,0.0667756
977,0.0667704
978,0.0668219
979,0.0666215
980,0.0671044
981,0.0672944
982,0.067125
983,0.0670023
984,0.0687418
985,0.0674879
986,0.068543
987,0.0683969
988,0.0689264
989,0.0681964
990,0.0692026
991,0.06905
992,0.0685909
993,0.0701437
994,0.0694378
995,0.1050408
996,0.1016319
997,0.0693431
998,0.0703391
999,0.0695937
1000,0.0703973
1001,0.069844
1002,0.0706851
1003,0.0707336
1004,0.0699196
1005,0.0715533
1006,0.0705454
1007,0.0706509
1008,0.0707947
1009,0.0711531
1010,0.0713413
1011,0.0714531
1012,0.071775
1013,0.0720975
1014,0.0716134
1015,0.1120866
1016,0.1049316
1017,0.0719398
1018,0.0729519
1019,0.0723989
1020,0.0728242
1021,0.0733223
1022,0.0730033
1023,0.0738716
1024,0.0728013
1025,0.0764519
1026,0.1216334
1027,0.1233697
1028,0.1165982
1029,0.0743345
1030,0.074377
1031,0.0753975
1032,0.0755293
1033,0.0754071
1034,0.0754468
1035,0.0759197
1036,0.0757938
1037,0.0756799
1038,0.0759691
1039,0.0764851
1040,0.076053
1041,0.0762541
1042,0.0766475
1043,0.0768997
1044,0.0766753
1045,0.0766586
1046,0.07686
1047,0.0770491
1048,0.0770935
1049,0.0776735
1050,0.0778734
1051,0.0779438
1052,0.0780996
1053,0.0779811
1054,0.0796206
1055,0.0785848
1056,0.0789345
1057,0.0790849
1058,0.0792222
1059,0.0795245
1060,0.0795316
1061,0.0791702
1062,0.0798573
1063,0.0794942
1064,0.0794217
1065,0.080338
1066,0.0807807
1067,0.0803293
1068,0.0808915
1069,0.0803816
1070,0.0814394
1071,0.0809136
1072,0.0812864
1073,0.0812735
1074,0.0807204
1075,0.0811219
1076,0.0816814
1077,0.0819053
1078,0.0821456
1079,0.0822875
1080,0.082333
1081,0.0828597
1082,0.0826959
1083,0.0829453
1084,0.0829023
1085,0.0833003
1086,0.1093542
1087,0.0857516
1088,0.0840968
1089,0.0851413
1090,0.0838448
1091,0.0843003
1092,0.084211
1093,0.084452
1094,0.0846619
1095,0.085618
1096,0.0870015
1097,0.1065451
1098,0.0857786
1099,0.0863599
1100,0.0856295
1101,0.0861158
1102,0.0856514
1103,0.0875251
1104,0.1134698
1105,0.0893574
1106,0.1182057
1107,0.1556251
1108,0.0908549
1109,0.0912136
1110,0.113387
1111,0.1128664
1112,0.0904299
1113,0.0870277
1114,0.0873047
1115,0.0875568
1116,0.0878471
1117,0.0885339
1118,0.0897445
1119,0.0891927
1120,0.0894009
1121,0.1086492
1122,0.0949585
1123,0.0892984
1124,0.191859
1125,0.0900251
1126,0.0891054
1127,0.0900653
1128,0.0895161
1129,0.0897838
1130,0.089773
1131,0.0903929
1132,0.0899868
1133,0.0901848
1134,0.0904843
1135,0.119585
1136,0.1046283
1137,0.1319375
1138,0.0914464
1139,0.0922224
1140,0.0921061
1141,0.0921362
1142,0.0919301
1143,0.0922508
1144,0.0921075
1145,0.0923363
1146,0.0924597
1147,0.0925197
1148,0.0931986
1149,0.0935132
1150,0.0935949
1151,0.0936553
1152,0.0937509
1153,0.0939178
1154,0.0942873
1155,0.0937367
1156,0.0945592
1157,0.0976943
1158,0.0948373
1159,0.0950317
1160,0.09561
1161,0.0947805
1162,0.0952358
1163,0.0952466
1164,0.0953255
1165,0.095744
1166,0.0961413
1167,0.0977309
1168,0.0961986
1169,0.0962151
1170,0.0967183
1171,0.0967462
1172,0.0974799
1173,0.0971727
1174,0.0978503
1175,0.0980389
1176,0.0980346
1177,0.0986391
1178,0.0976461
1179,0.0976261
1180,0.097872
1181,0.0990537
1182,0.0991182
1183,0.0988931
1184,0.0984152
1185,0.0987673
1186,0.0991951
1187,0.1001531
1188,0.1001173
1189,0.1000666
1190,0.1002531
1191,0.1003444
1192,0.1005337
1193,0.1013437
1194,0.1016105
1195,0.1013805
1196,0.1013933
1197,0.1016159
1198,0.1027133
1199,0.1019941
1200,0.1022934
1201,0.1024954
1202,0.1024661
1203,0.1017641
1204,0.1024567
1205,0.102135
1206,0.1027087
1207,0.1026246
1208,0.1023392
1209,0.1028431
1210,0.1027773
1211,0.1032351
1212,0.1033045
1213,0.1032145
1214,0.103627
1215,0.1037668
1216,0.1041584
1217,0.1040745
1218,0.1051345
1219,0.1440326
1220,0.1052172
1221,0.105276
1222,0.1063929
1223,0.1089218
1224,0.1051913
1225,0.1056639
1226,0.1059028
1227,0.1069885
1228,0.1062105
1229,0.106701
1230,0.1065934
1231,0.1069691
1232,0.1423546
1233,0.1100135
1234,0.1070899
1235,0.1076295
1236,0.1079555
1237,0.1073656
1238,0.1074516
1239,0.1079702
1240,0.1086739
1241,0.1088702
1242,0.1117307
1243,0.1107883
1244,0.1478938
1245,0.1144785
1246,0.1115314
1247,0.1114827
1248,0.1122459
1249,0.1100219
1250,0.1118401
1251,0.1118042
1252,0.1499371
1253,0.1137833
1254,0.1106339
1255,0.1126391
1256,0.1127027
1257,0.1112264
1258,0.1110477
1259,0.1124467
1260,0.1119311
1261,0.1151765
1262,0.133786
1263,0.1140314
1264,0.1197449
1265,0.1236523
1266,0.1146955
1267,0.1557994
1268,0.1153831
1269,0.116255
1270,0.1139052
1271,0.1136761
1272,0.1409292
1273,0.1139275
1274,0.1213952
1275,0.1325791
1276,0.1192589
1277,0.1155522
1278,0.1298183
1279,0.1356207
1280,0.1155458
1281,0.1155476
1282,0.1153802
1283,0.126651
1284,0.13616
1285,0.1319228
1286,0.1171165
1287,0.1169997
1288,0.1167087
1289,0.1172144
1290,0.1174617
1291,0.1815375
1292,0.1264954
1293,0.1184772
1294,0.1179767
1295,0.1178682
1296,0.1190974
1297,0.1185948
1298,0.1190711
1299,0.1187678
1300,0.1202863
1301,0.1233369
1302,0.1193631
1303,0.1196264
1304,0.1198339
1305,0.1665425
1306,0.1336126
1307,0.1204351
1308,0.1204005
1309,0.1214263
1310,0.1212586
1311,0.1224312
1312,0.1301239
1313,0.1418133
1314,0.1264537
1315,0.1218017
1316,0.1213865
1317,0.1232425
1318,0.1292509
1319,0.1223581
1320,0.15988
1321,0.123554
1322,0.122576
1323,0.1227543
1324,0.1231771
1325,0.1250394
1326,0.1831341
1327,0.1237508
1328,0.1239663
1329,0.124629
1330,0.1240077
1331,0.1662501
1332,0.1244862
1333,0.124873
1334,0.149407
1335,0.1258626
1336,0.176266
1337,0.1258037
1338,0.1259173
1339,0.1265088
1340,0.1676518
1341,0.1321885
1342,0.1264929
1343,0.1275417
1344,0.1282411
1345,0.1278668
1346,0.1275601
1347,0.1279441
1348,0.127801
1349,0.1282967
1350,0.1283238
1351,0.1281072
1352,0.12874
1353,0.1282465
1354,0.1290826
1355,0.1290842
1356,0.1299848
1357,0.1303064
1358,0.1299935
1359,0.1297177
1360,0.1307685
1361,0.1300163
1362,0.1305846
1363,0.1304292
1364,0.1316677
1365,0.1310634
1366,0.1315536
1367,0.1311623
1368,0.1325742
1369,0.1941929
1370,0.1314475
1371,0.1977728
1372,0.1351614
1373,0.1324428
1374,0.1323469
1375,0.1333135
1376,0.1328322
1377,0.1340262
1378,0.1410655
1379,0.1337218
1380,0.1337297
1381,0.1349721
1382,0.1366685
1383,0.1727043
1384,0.1343158
1385,0.1353598
1386,0.1358097
1387,0.1731613
1388,0.1348195
1389,0.1348623
1390,0.1359865
1391,0.1359392
1392,0.1361512
1393,0.1366377
1394,0.1358826
1395,0.13684
1396,0.1368963
1397,0.1370002
1398,0.1370016
1399,0.13734
1400,0.1376626
1401,0.137424
1402,0.1389497
1403,0.1394036
1404,0.1418732
1405,0.1632908
1406,0.1382043
1407,0.1388002
1408,0.139429
1409,0.1406095
1410,0.1398787
1411,0.1414751
1412,0.1404494
1413,0.1423524
1414,0.1404423
1415,0.1413675
1416,0.1437375
1417,0.141785
1418,0.1411212
1419,0.1422201
1420,0.1514434
1421,0.1592642
1422,0.141847
1423,0.1418618
1424,0.1425949
1425,0.1419759
1426,0.1423467
1427,0.1426198
1428,0.1437143
1429,0.1443406
1430,0.14776
1431,0.1441273
1432,0.14357
1433,0.1460844
1434,0.1440363
1435,0.1452198
1436,0.1455514
1437,0.1448619
1438,0.1455896
1439,0.1455573
1440,0.1450344
1441,0.1479633
1442,0.1460564
1443,0.1455357
1444,0.1457986
1445,0.1490024
1446,0.1467883
1447,0.1472604
1448,0.1835474
1449,0.1610495
1450,0.1481555
1451,0.147999
1452,0.1481864
1453,0.2137019
1454,0.2934709
1455,0.1769486
1456,0.1490262
1457,0.149256
1458,0.1519171
1459,0.1494177
1460,0.1496839
1461,0.1497759
1462,0.1503386
1463,0.1499677
1464,0.1740627
1465,0.1635053
1466,0.1865099
1467,0.154956
1468,0.1508533
1469,0.1510553
1470,0.1520852
1471,0.1773182
1472,0.1704953
1473,0.1515053
1474,0.1522986
1475,0.1535393
1476,0.1536867
1477,0.1548136
1478,0.1819532
1479,0.1532913
1480,0.1533677
1481,0.153572
1482,0.1540794
1483,0.1541916
1484,0.1542948
1485,0.1549273
1486,0.1987203
1487,0.171603
1488,0.1723289
1489,0.2350018
1490,0.2166837
1491,0.2032973
1492,0.1806633
1493,0.1631812
1494,0.2521725
1495,0.3582166
1496,0.1739133
1497,0.1606976
1498,0.1592794
1499,0.1588482
1500,0.1582511
1501,0.1593568
1502,0.1594585
1503,0.1592472
1504,0.1587259
1505,0.2674146
1506,0.1759889
1507,0.1596556
1508,0.1822497
1509,0.1656608
1510,0.1625424
1511,0.2001836
1512,0.3018864
1513,0.1931207
1514,0.1884851
1515,0.2225467
1516,0.1993543
1517,0.1647472
1518,0.1692786
1519,0.2110939
1520,0.2281434
1521,0.1863883
1522,0.2304922
1523,0.1704249
1524,0.1638227
1525,0.1639964
1526,0.1899757
1527,0.1975923
1528,0.1642541
1529,0.1905547
1530,0.1652458
1531,0.211768
1532,0.1656903
1533,0.2008138
1534,0.1832862
1535,0.18349
1536,0.166184
1537,0.1676394
1538,0.1661535
1539,0.2073539
1540,0.1675353
1541,0.1951071
1542,0.1683012
1543,0.1675927
1544,0.2521257
1545,0.1687166
1546,0.1680511
1547,0.167714
1548,0.1696362
1549,0.1843198
1550,0.3079927
1551,0.1687043
1552,0.2384424
1553,0.1726112
1554,0.1707337
1555,0.2237437
1556,0.1706514
1557,0.2248088
1558,0.1720566
1559,0.26781
1560,0.2706086
1561,0.1717494
1562,0.1716629
1563,0.2108796
1564,0.1742617
1565,0.1721999
1566,0.1719243
1567,0.1734508
1568,0.1740797
1569,0.1728512
1570,0.1728334
1571,0.2536364
1572,0.1864623
1573,0.1753255
1574,0.1752022
1575,0.227419
1576,0.218063
1577,0.1952991
1578,0.2163104
1579,0.3589204
1580,0.1748616
1581,0.221709
1582,0.2250275
1583,0.1881515
1584,0.1761789
1585,0.1779632
1586,0.1826646
1587,0.1857842
1588,0.1817208
1589,0.1897306
1590,0.2047263
1591,0.2092151
1592,0.1951237
1593,0.178986
1594,0.2408151
1595,0.2279844
1596,0.1822205
1597,0.2830963
1598,0.1795306
1599,0.2459041
1600,0.2111357
1601,0.3231745
1602,0.2099265
1603,0.246235
1604,0.1934274
1605,0.3647051
1606,0.2847942
1607,0.3179139
1608,0.2710151
1609,0.1817911
1610,0.2082084
1611,0.1849148
1612,0.1814773
1613,0.2413641
1614,0.2382591
1615,0.1889866
1616,0.1909919
1617,0.1866993
1618,0.2191208
1619,0.2105063
1620,0.2367424
1621,0.225114
1622,0.2255421
1623,0.2078414
1624,0.2283259
1625,0.2487863
1626,0.2058977
1627,0.3674702
1628,0.2237483
1629,0.2183368
1630,0.2107974
1631,0.2348478
1632,0.2092036
1633,0.2012308
1634,0.2845946
1635,0.1962671
1636,0.4722574
1637,0.249429
1638,0.3345339
1639,0.3396005
1640,0.3168147
1641,0.2487377
1642,0.2067081
1643,0.1983452
1644,0.1957098
1645,0.1902794
1646,0.2327027
1647,0.1923419
1648,0.1920852
1649,0.1928623
1650,0.2139985
1651,0.3812487
1652,0.2781154
1653,0.1926052
1654,0.192596
1655,0.2017213
1656,0.1930638
1657,0.5015725
1658,0.2581563
1659,0.2353528
1660,0.287518
1661,0.3174046
1662,0.1990579
1663,0.1979203
1664,0.1953215
1665,0.1957847
1666,0.2469341
1667,0.2002985
1668,0.2016029
1669,0.2354945
1670,0.1957343
1671,0.1959763
1672,0.1968874
1673,0.1992016
1674,0.2343974
1675,0.2125313
1676,0.2129737
1677,0.2121394
1678,0.3604673
1679,0.2088552
1680,0.2143799
1681,0.4124345
1682,0.3318024
1683,0.2501014
1684,0.2112337
1685,0.204299
1686,0.2587216
1687,0.3317343
1688,0.3022878
1689,0.2666806
1690,0.2146596
1691,0.4775115
1692,0.3290826
1693,0.296066
1694,0.3614247
1695,0.2615791
1696,0.2032028
1697,0.2809629
1698,0.2094328
1699,0.2726119
1700,0.3088377
1701,0.2038325
1702,0.5328734
1703,0.3621425
1704,0.2039683
1705,0.2075327
1706,0.281733
1707,0.2047166
1708,0.2059534
1709,0.4611157
1710,0.3167224
1711,0.4052649
1712,0.2384222
1713,0.3228391
1714,0.4621479
1715,0.2489021
1716,0.4207026
1717,0.2761576
1718,0.2254807
1719,0.2201887
1720,0.3662476
1721,0.2912818
1722,0.2732354
1723,0.2083899
1724,0.331594
1725,0.2944821
1726,0.2425348
1727,0.3732681
1728,0.2101158
1729,0.2106464
1730,0.2106635
1731,0.2105183
1732,0.269256
1733,0.2116123
1734,0.2119762
1735,0.2958893
1736,0.3689334
1737,0.3434785
1738,0.3808301
1739,0.3912498
1740,0.2514822
1741,0.2766268
1742,0.2286286
1743,0.2357652
1744,0.2714636
1745,0.2242016
1746,0.2298133
1747,0.401553
1748,0.2229639
1749,0.3378773
1750,0.2776708
1751,0.2810871
1752,0.216373
1753,0.2178051
1754,0.3958443
1755,0.2612633
1756,0.2180345
1757,0.2385334
1758,0.2953811
1759,0.3618342
1760,0.2194757
1761,0.2188491
1762,0.2184798
1763,0.2241027
1764,0.4197706
1765,0.2815219
1766,0.2201724
1767,0.3052613
1768,0.2569694
1769,0.2291953
1770,0.2433241
1771,0.3822771
1772,0.3789401
1773,0.2222162
1774,0.2229799
1775,0.2213803
1776,0.2233352
1777,0.2722715
1778,0.2241395
1779,0.2255715
1780,0.3801041
1781,0.2235388
1782,0.2234058
1783,0.2717412
1784,0.3188874
1785,0.2232893
1786,0.2246073
1787,0.2236433
1788,0.2249836
1789,0.3091012
1790,0.2252671
1791,0.2625106
1792,0.2299496
1793,0.278456
1794,0.2307697
1795,0.226347
1796,0.2275045
1797,0.2267708
1798,0.2264385
1799,0.2551576
1800,0.2280357
1801,0.2277067
1802,0.4664567
1803,0.2283169
1804,0.228158
1805,0.2293885
1806,0.2292158
1807,0.273523
1808,0.2307642
1809,0.254884
1810,0.2295111
1811,0.2311271
1812,0.2303724
1813,0.2577912
1814,0.2706571
1815,0.2312701
1816,0.2789612
1817,0.2582745
1818,0.2327743
1819,0.2324852
1820,0.2721236
1821,0.2330702
1822,0.2728674
1823,0.2452205
1824,0.3286975
1825,0.2337615
1826,0.2365871
1827,0.2348196
1828,0.3289489
1829,0.3152318
1830,0.2350067
1831,0.2660009
1832,0.3206078
1833,0.2360065
1834,0.2393989
1835,0.4930419
1836,0.2371691
1837,0.2793424
1838,0.2371694
1839,0.2376516
1840,0.2976524
1841,0.3613064
1842,0.2422451
1843,0.2642984
1844,0.2406116
1845,0.3172051
1846,0.2390528
1847,0.2421977
1848,0.2814868
1849,0.2398001
1850,0.4266895
1851,0.3150138
1852,0.258026
1853,0.2403921
1854,0.2823221
1855,0.2416441
1856,0.243502
1857,0.2420003
1858,0.2450812
1859,0.2513118
1860,0.2700576
1861,0.2432147
1862,0.2733635
1863,0.2684082
1864,0.3190735
1865,0.2795133
1866,0.3213858
1867,0.2482618
1868,0.3817491
1869,0.2489293
1870,0.2464674
1871,0.2478254
1872,0.2465841
1873,0.2468791
1874,0.2474963
1875,0.2484719
1876,0.2467531
1877,0.2474887
1878,0.2483578
1879,0.2885754
1880,0.3220944
1881,0.2530792
1882,0.2488757
1883,0.2495388
1884,0.2488219
1885,0.2496051
1886,0.3314815
1887,0.2494986
1888,0.250406
1889,0.4247229
1890,0.2724062
1891,0.2518058
1892,0.2522386
1893,0.4495206
1894,0.375042
1895,0.2556643
1896,0.2609973
1897,0.3660455
1898,0.3053268
1899,0.2945238
1900,0.2537848
1901,0.253457
1902,0.3186725
1903,0.2538393
1904,0.3037307
1905,0.3356811
1906,0.3615756
1907,0.3390421
1908,0.3282771
1909,0.3042074
1910,0.3623205
1911,0.6395007
1912,0.2621456
1913,0.2973489
1914,0.2568343
1915,0.2570437
1916,0.2600397
1917,0.2600671
1918,0.2687081
1919,0.2878797
1920,0.3519055
1921,0.3195117
1922,0.5138664
1923,0.3600923
1924,0.3258701
1925,0.2722471
1926,0.2703996
1927,0.2640145
1928,0.3470471
1929,0.3062159
1930,0.3679105
1931,0.426541
1932,0.2614664
1933,0.262279
1934,0.2618653
1935,0.2633639
1936,0.3191434
1937,0.2629893
1938,0.303785
1939,0.262777
1940,0.2643521
1941,0.2639001
1942,0.7280179
1943,0.371385
1944,0.3443895
1945,0.3300389
1946,0.2716593
1947,0.2687365
1948,0.4001406
1949,0.5514237
1950,0.5793103
1951,0.3221724
1952,0.4264187
1953,0.4656793
1954,0.7763776
1955,0.3497349
1956,0.3098825
1957,0.304568
1958,0.4969151
1959,0.8858873
1960,0.49756
1961,0.286203
1962,0.3826872
1963,0.3723454
1964,0.7944462
1965,0.7532871
1966,0.6430472
1967,0.6858015
1968,0.5782209
1969,0.652437
1970,0.7264713
1971,0.7763242
1972,0.5570434
1973,0.7741785
1974,0.2924238
1975,0.3813909
1976,0.7612383
1977,0.5636723
1978,0.2929376
1979,0.2970523
1980,0.3301094
1981,0.2763708
1982,0.5614621
1983,0.3435718
1984,0.292199
1985,0.2947596
1986,0.3597903
1987,0.2839837
1988,0.3281616
1989,0.294199
1990,0.3038777
1991,0.2870879
1992,0.2835274
1993,0.2802172
1994,0.3104227
1995,0.3721527
1996,0.2882298
1997,0.2859439
1998,0.2845971
1999,0.2875069
2000,0.2969602
